{
  "summary": {
    "source_system": "draftkings",
    "season_start": 2024,
    "season_end": 2025,
    "slate": "sunday_main",
    "iterations": 1000,
    "random_seed": 42,
    "slates_attempted": 15,
    "slates_evaluated": 15,
    "slates_failed": 0,
    "point_in_time_calibration": true,
    "mutates_calibration_factors": false,
    "calibration_alert_threshold": 0.1,
    "drift_alert_threshold": 0.08,
    "minimum_players": 100
  },
  "drift": {
    "overall": {
      "slates": 15,
      "players": 2856,
      "p75_hits": 2182,
      "p75_coverage": 0.7640056022408963,
      "p75_calibration_error": 0.014005602240896309,
      "p90_hits": 2578,
      "p90_coverage": 0.9026610644257703,
      "p90_calibration_error": 0.0026610644257702987,
      "p95_hits": 2706,
      "p95_coverage": 0.9474789915966386,
      "p95_calibration_error": -0.0025210084033613356,
      "actual_ceiling_25_hits": 157,
      "actual_ceiling_25_rate": 0.054971988795518206,
      "predicted_ceiling_25_rate": 0.056621148459383756,
      "ceiling_25_calibration_error": 0.00164915966386555,
      "mean_error": 0.3106856446919196
    },
    "early_window": {
      "slates": 7,
      "players": 1256,
      "p75_hits": 949,
      "p75_coverage": 0.7555732484076433,
      "p75_calibration_error": 0.005573248407643283,
      "p90_hits": 1130,
      "p90_coverage": 0.8996815286624203,
      "p90_calibration_error": -0.0003184713375796733,
      "p95_hits": 1192,
      "p95_coverage": 0.9490445859872612,
      "p95_calibration_error": -0.0009554140127387978,
      "actual_ceiling_25_hits": 76,
      "actual_ceiling_25_rate": 0.06050955414012739,
      "predicted_ceiling_25_rate": 0.06221019108280255,
      "ceiling_25_calibration_error": 0.0017006369426751586,
      "mean_error": 0.28446720803588765
    },
    "late_window": {
      "slates": 8,
      "players": 1600,
      "p75_hits": 1233,
      "p75_coverage": 0.770625,
      "p75_calibration_error": 0.020625000000000004,
      "p90_hits": 1448,
      "p90_coverage": 0.905,
      "p90_calibration_error": 0.0050000000000000044,
      "p95_hits": 1514,
      "p95_coverage": 0.94625,
      "p95_calibration_error": -0.00374999999999992,
      "actual_ceiling_25_hits": 81,
      "actual_ceiling_25_rate": 0.050625,
      "predicted_ceiling_25_rate": 0.052233749999999995,
      "ceiling_25_calibration_error": 0.0016087499999999921,
      "mean_error": 0.3312671174669047
    },
    "alerts": []
  },
  "slices": [
    {
      "season": 2024,
      "week": 16,
      "slate": "sunday_main",
      "players": 200,
      "p75_hits": 145,
      "p75_coverage": 0.725,
      "p75_calibration_error": -0.025000000000000022,
      "p90_hits": 176,
      "p90_coverage": 0.88,
      "p90_calibration_error": -0.020000000000000018,
      "p95_hits": 183,
      "p95_coverage": 0.915,
      "p95_calibration_error": -0.03499999999999992,
      "actual_ceiling_25_hits": 18,
      "actual_ceiling_25_rate": 0.09,
      "predicted_ceiling_25_sum": 12.146,
      "predicted_ceiling_25_rate": 0.060730000000000006,
      "ceiling_25_calibration_error": -0.02926999999999999,
      "mean_error_sum": -170.65116534269248,
      "mean_error": -0.8532558267134625
    },
    {
      "season": 2024,
      "week": 17,
      "slate": "sunday_main",
      "players": 173,
      "p75_hits": 138,
      "p75_coverage": 0.7976878612716763,
      "p75_calibration_error": 0.047687861271676346,
      "p90_hits": 157,
      "p90_coverage": 0.9075144508670521,
      "p90_calibration_error": 0.007514450867052047,
      "p95_hits": 166,
      "p95_coverage": 0.9595375722543352,
      "p95_calibration_error": 0.00953757225433527,
      "actual_ceiling_25_hits": 11,
      "actual_ceiling_25_rate": 0.06358381502890173,
      "predicted_ceiling_25_sum": 16.63,
      "predicted_ceiling_25_rate": 0.0961271676300578,
      "ceiling_25_calibration_error": 0.03254335260115607,
      "mean_error_sum": 202.98540520195832,
      "mean_error": 1.1733260416298168
    },
    {
      "season": 2024,
      "week": 20,
      "slate": "sunday_main",
      "players": 83,
      "p75_hits": 65,
      "p75_coverage": 0.7831325301204819,
      "p75_calibration_error": 0.033132530120481896,
      "p90_hits": 77,
      "p90_coverage": 0.927710843373494,
      "p90_calibration_error": 0.027710843373493943,
      "p95_hits": 82,
      "p95_coverage": 0.9879518072289156,
      "p95_calibration_error": 0.03795180722891567,
      "actual_ceiling_25_hits": 4,
      "actual_ceiling_25_rate": 0.04819277108433735,
      "predicted_ceiling_25_sum": 8.765,
      "predicted_ceiling_25_rate": 0.10560240963855422,
      "ceiling_25_calibration_error": 0.057409638554216866,
      "mean_error_sum": 149.38574671642846,
      "mean_error": 1.7998282736919091
    },
    {
      "season": 2025,
      "week": 1,
      "slate": "sunday_main",
      "players": 200,
      "p75_hits": 167,
      "p75_coverage": 0.835,
      "p75_calibration_error": 0.08499999999999996,
      "p90_hits": 192,
      "p90_coverage": 0.96,
      "p90_calibration_error": 0.05999999999999994,
      "p95_hits": 199,
      "p95_coverage": 0.995,
      "p95_calibration_error": 0.04500000000000004,
      "actual_ceiling_25_hits": 5,
      "actual_ceiling_25_rate": 0.025,
      "predicted_ceiling_25_sum": 15.656,
      "predicted_ceiling_25_rate": 0.07828,
      "ceiling_25_calibration_error": 0.05328,
      "mean_error_sum": 406.26379032549085,
      "mean_error": 2.0313189516274544
    },
    {
      "season": 2025,
      "week": 5,
      "slate": "sunday_main",
      "players": 200,
      "p75_hits": 130,
      "p75_coverage": 0.65,
      "p75_calibration_error": -0.09999999999999998,
      "p90_hits": 171,
      "p90_coverage": 0.855,
      "p90_calibration_error": -0.04500000000000004,
      "p95_hits": 182,
      "p95_coverage": 0.91,
      "p95_calibration_error": -0.039999999999999925,
      "actual_ceiling_25_hits": 13,
      "actual_ceiling_25_rate": 0.065,
      "predicted_ceiling_25_sum": 5.891,
      "predicted_ceiling_25_rate": 0.029455,
      "ceiling_25_calibration_error": -0.03554500000000001,
      "mean_error_sum": -305.94087068842646,
      "mean_error": -1.5297043534421322
    },
    {
      "season": 2025,
      "week": 6,
      "slate": "sunday_main",
      "players": 200,
      "p75_hits": 152,
      "p75_coverage": 0.76,
      "p75_calibration_error": 0.010000000000000009,
      "p90_hits": 181,
      "p90_coverage": 0.905,
      "p90_calibration_error": 0.0050000000000000044,
      "p95_hits": 189,
      "p95_coverage": 0.945,
      "p95_calibration_error": -0.0050000000000000044,
      "actual_ceiling_25_hits": 11,
      "actual_ceiling_25_rate": 0.055,
      "predicted_ceiling_25_sum": 9.5,
      "predicted_ceiling_25_rate": 0.0475,
      "ceiling_25_calibration_error": -0.0075,
      "mean_error_sum": 36.07492137256897,
      "mean_error": 0.18037460686284487
    },
    {
      "season": 2025,
      "week": 7,
      "slate": "sunday_main",
      "players": 200,
      "p75_hits": 152,
      "p75_coverage": 0.76,
      "p75_calibration_error": 0.010000000000000009,
      "p90_hits": 176,
      "p90_coverage": 0.88,
      "p90_calibration_error": -0.020000000000000018,
      "p95_hits": 191,
      "p95_coverage": 0.955,
      "p95_calibration_error": 0.0050000000000000044,
      "actual_ceiling_25_hits": 14,
      "actual_ceiling_25_rate": 0.07,
      "predicted_ceiling_25_sum": 9.548,
      "predicted_ceiling_25_rate": 0.04774,
      "ceiling_25_calibration_error": -0.02226000000000001,
      "mean_error_sum": 39.17298570774725,
      "mean_error": 0.19586492853873627
    },
    {
      "season": 2025,
      "week": 8,
      "slate": "sunday_main",
      "players": 200,
      "p75_hits": 145,
      "p75_coverage": 0.725,
      "p75_calibration_error": -0.025000000000000022,
      "p90_hits": 174,
      "p90_coverage": 0.87,
      "p90_calibration_error": -0.030000000000000027,
      "p95_hits": 188,
      "p95_coverage": 0.94,